Reference,PCB,Manufacturer Part Number,Qty,Function,Status
U1,MAIN,ESP32-S3-WROOM-1-N16R8,1,MCU Wi-Fi BLE,FROZEN
U2,MAIN,W5500,1,10/100 Ethernet,FROZEN
U3,MAIN,Ag5324,1,PoE+ isolated 24V module,FROZEN
U4-U5,MAIN,LM74700QDBVRQ1,2,Ideal-diode controllers,FROZEN_CONTROLLER
U6,MAIN,INA228AIDGSR,1,Power monitor,FROZEN
U7,MAIN,TPSM63603V5RDHR,1,24V to 5V 3A module,FROZEN
U8,MAIN,TBD,1,5V to 3.3V buck,VALIDATE
U9,MAIN,TAS5825MRHBR,1,Class-D DSP amplifier,FROZEN
RSH1,MAIN,TBD Kelvin 10mR >=0.5W,1,Current shunt,VALIDATE
J1,MAIN,TBD PoE MagJack,1,Ethernet and PoE,VALIDATE
J2,MAIN,TBD locking DC connector,1,24V external input,VALIDATE
U101,VOICE,XVF3800-QF60B-C,1,Voice processor,FROZEN
U102,VOICE,TBD,1,XVF3800 SPI flash,VALIDATE
MIC101-MIC104,VOICE,TBD,4,PDM microphones SQ66,VALIDATE
U201,RADAR,BGT60TR13C,1,60GHz presence radar,FROZEN
U202,RADAR,TBD,1,1.8V low-noise supply,VALIDATE
U301,ENV,SHT45-AD1F,1,Temperature humidity,FROZEN
U302,ENV,OPT3004DNPR,1,Illuminance,FROZEN
EX1-EX4,MECHANICAL,DAEX25FHE-4,4,DML exciters,FROZEN
